{
  "trendyolChoose" : {
    "transaction" : "trendyolChoose",
    "sampleCount" : 100,
    "errorCount" : 1,
    "errorPct" : 1.0,
    "meanResTime" : 1042.8300000000002,
    "medianResTime" : 751.5,
    "minResTime" : 0.0,
    "maxResTime" : 4163.0,
    "pct1ResTime" : 1982.9000000000005,
    "pct2ResTime" : 3372.2499999999995,
    "pct3ResTime" : 4159.459999999998,
    "throughput" : 10.49097775912715,
    "receivedKBytesPerSec" : 615.6722503802979,
    "sentKBytesPerSec" : 6.718016451164498
  },
  "Total" : {
    "transaction" : "Total",
    "sampleCount" : 300,
    "errorCount" : 1,
    "errorPct" : 0.33333334,
    "meanResTime" : 1650.3799999999987,
    "medianResTime" : 1003.5,
    "minResTime" : 0.0,
    "maxResTime" : 8429.0,
    "pct1ResTime" : 3978.6000000000013,
    "pct2ResTime" : 4909.65,
    "pct3ResTime" : 7205.040000000002,
    "throughput" : 22.233750833765658,
    "receivedKBytesPerSec" : 1332.6874062013637,
    "sentKBytesPerSec" : 11.786131582116653
  },
  "trendyolMainPage" : {
    "transaction" : "trendyolMainPage",
    "sampleCount" : 100,
    "errorCount" : 0,
    "errorPct" : 0.0,
    "meanResTime" : 2716.6499999999987,
    "medianResTime" : 2794.0,
    "minResTime" : 305.0,
    "maxResTime" : 8429.0,
    "pct1ResTime" : 5050.5,
    "pct2ResTime" : 6495.3499999999985,
    "pct3ResTime" : 8418.559999999994,
    "throughput" : 8.2223318533136,
    "receivedKBytesPerSec" : 497.27932353334154,
    "sentKBytesPerSec" : 3.4928851134681795
  },
  "trendyolSearch" : {
    "transaction" : "trendyolSearch",
    "sampleCount" : 100,
    "errorCount" : 0,
    "errorPct" : 0.0,
    "meanResTime" : 1191.6599999999999,
    "medianResTime" : 984.5,
    "minResTime" : 213.0,
    "maxResTime" : 3722.0,
    "pct1ResTime" : 2650.000000000001,
    "pct2ResTime" : 3237.9,
    "pct3ResTime" : 3721.2799999999997,
    "throughput" : 10.078613182826043,
    "receivedKBytesPerSec" : 611.3134598304273,
    "sentKBytesPerSec" : 5.292649856379762
  }
}